Word,Count
#1,2
#1k,1
#2,1
#204Econ,1
#21CL,1
#39,2
#3Novices,1
#45,1
#5,1
#5G,1
#7on7NYC,1
#8,1
#8220,1
#8221,1
#A,2
#AI,8
#ALDUBxDTBYStartingOver,2
#ASISAbuja2016,4
#ATA2017,2
#AWSSummit,1
#ActOnClimate,9
#Afghanistan,4
#Agenda2030,1
#Aging,3
#Agritechnica,1
#AiMRT,1
#AlternativeEconomics,1
#AmChamBusinessBreakfast,1
#Ambode,1
#America,2
#AmericaFirst,1
#American,1
#AmericanForumTV,1
#Americans,1
#Anonymous,1
#Apocalypse,1
#Armenia,2
#Artificialintelligence,2
#Artists,1
#Asia,1
#Asian,1
#AskBawumia,1
#Assad,6
#Austin,2
#Automation,1
#Azerbai,2
#Azerbaija,1
#Azerbaijan,13
#B2,1
#B2B,1
#BA,1
#BLPremium,1
#BREXSHIT,1
#BSAFunds,1
#BSTonVh1India,4
#BackBritain,1
#Bang,1
#Bank,1
#Banking,1
#Bargain,1
#BasicIncome,1
#Beijing,2
#Bhuvi,1
#Bib,1
#BigData,2
#Bitcoin,1
#BlacklistIRGC,13
#Blockchain,2
#Blog,5
#Books,1
#Breaking,1
#BreakingNews,1
#Brexit,17
#BringBackOurInternet,6
#Britain,1
#BroadbandPrivacy,1
#Brooklyn,1
#Budget2017,1
#Business,11
#BusinessNews,2
#BusinessTravel,1
#BuyaBamba,1
#Buyers,1
#B?rse,1
#CA,1
#CADA,1
#CE50,1
#CHINA,2
#CIOs,1
#CMO,6
#CNN,2
#CNY,1
#COP21,1
#COVERUPDECEPTIONSPROPAGANDA,1
#COWE,1
#CPEC,1
#CRE,1
#CREDCreport,1
#CSF,1
#CURRENTEVENTS,2
#California,1
#Cameroon,6
#Canada,2
#Capptivate,1
#Carmakers,1
#CascadeSiskiyou,2
#Central,1
#Challenge,1
#ChesapeakeBay,11
#Chevy,1
#ChickenDon,1
#ChildCareWorks,1
#China,18
#ChoiceContent,2
#CircularEconomy,1
#CityAM,3
#CleanEnergy,1
#Cleveland,1
#Climate,1
#ClimateFacts,1
#Climatechange,1
#Cloud,3
#Coal,1
#Collaboration,1
#Colombia,6
#Compliance,1
#Comrade,3
#Construction,1
#Coworking,1
#Creating,1
#Crisis,1
#CrookedDonald,1
#Crowdfunding,1
#Cryptocurrency,1
#CustomerExperience,1
#CyberSecurity,2
#DEPORT,2
#DNC,1
#Dartguy,1
#DataScience,1
#Deal,1
#Deals,1
#Debate,1
#Deflation,6
#Delaware,1
#Demonitisation,4
#Design,1
#DigidhanDisaster,1
#Digital,5
#Digitalization,1
#DoddFrank,17
#Dollar,1
#Dolt45,2
#Donald,1
#DriverlessCars,5
#Dubai,1
#E4OK,1
#ECONOMY,20
#EU,1
#EUR,1
#EarthDay,1
#Earthquake,1
#EastAsia,1
#Easter,6
#Ec,1
#Econom,1
#Economic,4
#Economics,3
#Economists,1
#Economy,45
#Econopedia,1
#EcosystemEconomy,1
#EditionWorld,1
#Ekosiis3n,1
#EndYemenSiege,1
#England,3
#Entrepreneur,3
#EnvironmentalProtections,1
#EqualPay,1
#Erdogan,5
#Establishment,1
#Europe,3
#EventProfs,1
#Evoque,2
#Experience,1
#ExpressProsSJ,1
#FSB,2
#FTT,3
#Factbook,1
#FairTrade,1
#Falklands,10
#FanMoment,1
#Fed,2
#FederalReserve,1
#Finance,2
#FinanceNews,2
#Fintech,2
#Florida,1
#Fracking,2
#FreeState,1
#FreeStellaNyanzi,1
#Frexit,1
#Ft,1
#Funding,1
#FutureHigherEd,1
#G7,3
#GCT,2
#GDP,5
#GENDER,1
#GIGEconomy,1
#GISOpinion,3
#GOP,20
#GPUSA,1
#GST,1
#Germany,7
#GetResponse,5
#Gig,1
#GigChat,1
#GigEconomy,3
#GlobalEconomy,1
#GlobalWarming,1
#GoC,1
#GoKDELIVERS,1
#Gold,1
#GoldenTriangle,1
#GoogleAlerts,1
#GreatLakes,1
#GreatRe,5
#Greece,1
#Growth,1
#H1B,4
#HBG,1
#HDR2016,5
#HR,1
#HackerEthic,1
#HamOnt,5
#Haryana,1
#HellerTownhall,4
#HighTech,4
#HollyWeird,1
#HomeBusinessSuccessNetwork,5
#HongKong,2
#Hospitals,2
#Hotels,1
#HyundaiTuscon,1
#IIoT,4
#IMF,1
#IMFMeetings,5
#IPL2017,1
#IRGC,15
#IT,1
#ITALY,1
#IlhamAliyev,4
#Immigrants,8
#Immigration,16
#India,2
#IndiaBiz,1
#Indian,2
#Indiana,1
#IndustrialRevolution,1
#Infographic,1
#InnovateFinanceGlobalSummit,1
#Innovation,4
#InsureHERProtectALL,1
#Insurtech,5
#Investment,1
#InvestmentNews,2
#IoT,12
#IoTCivicHack,1
#IoTW17,3
#Ipl,1
#Iran,44
#IranElection,1
#Iranian,2
#ItalianiOltreConfine,1
#JCPOA,1
#JPY,1
#Jaguar,2
#JanetYellen,1
#Japan,5
#Japanese,1
#Jobs,2
#JointAddress,1
#Jumlanomics,1
#Jupiter,1
#KarabakhNow,2
#Kauai,1
#KeepItInTheGround,9
#KeyserSozeQuotes,2
#Kismayo,1
#Kn,1
#Korea,1
#L,1
#LEDLighting,1
#LITechNews,1
#Labor,1
#Lagarde,1
#LandRover,2
#Landsat,1
#LanguageAssistant,1
#LePen,1
#Leigh,1
#LivingWage,1
#Localindie,1
#Lohegaon,1
#LohegaonAirport,1
#London,1
#LosBanos,1
#Lunyr,1
#Lyft,1
#M,2
#MAGA,2
#MONEY,2
#MachineLearning,4
#MainStreet2017,1
#MakeAmericaGreatAgain,1
#MakersOfIndia,1
#MakingaDifference,9
#Manufacturing,2
#Marketing,1
#Marxism,1
#MasterManipulator,1
#May2017,1
#Mercha,1
#Mexico,2
#MiamiWSF,1
#MiddleEast,2
#MintOpinion,1
#Mises,1
#Mnuchin,1
#MobileDevice,1
#Monday,1
#MondayThoughts,1
#Money,1
#MoneyManagement,2
#Motels,1
#MothersDay,1
#MovingTogetherATL,1
#Mpgvip,2
#Mugabe,1
#Mumbai,1
#MustRead,1
#MyVoteRegimeChange,1
#Mypresident,1
#NAFTA,10
#NEWS,1
#NHCS,1
#NHS,1
#NKpeace,2
#NLRB,1
#NUT17,6
#NYNJCT,1
#NYTimesBiz,2
#NZ,1
#National,1
#NationalHaikuPoetryDay,3
#Necklaces,1
#NegativeRates,1
#Neighborhood,1
#NewBridgesTX,2
#NewIndia,1
#News,25
#NewsHeadline,1
#NewsOnTV3,1
#NewslyTweet,3
#Nifty,1
#Nigeria,1
#Nikkei,1
#NomasBloqueo,1
#NoticiasTF,1
#NowPlaying,1
#ONS,1
#OOTT,7
#OOWIndia,1
#OSCE,2
#ObamaFail,5
#OfficeAdmin,1
#OilLeaksSpills,1
#OneBeltOneRoad,1
#Opines,1
#Opinion,1
#Organizes,1
#PAKISTANINDIA,1
#PDVSA,1
#PIHRA,1
#PMLN,2
#POLITICSELECTIONSCORRUPTION,1
#POTUSTrump,1
#PakTani,1
#Pakistan,2
#ParadigmShiftNow,1
#Pathetic,1
#PermianBasin,2
#PhuketExpress,3
#PlantsDoThat,1
#Podcast,3
#PolicyRate,2
#Politik,1
#PotteryTourism,1
#Power,1
#PowerOfFreeS,1
#PriceOnCarbon,1
#PuertoRico,1
#Pune,1
#PuneAirport,1
#Putin,1
#Qatar,3
#Qrator,1
#REFINEt,3
#RESISTANCE,1
#RFS,1
#ROIMentor,1
#RSX,1
#RT,2
#RTA,1
#RUSSIAUKRAINE,2
#RangeRoverSport,2
#RealEstate,1
#Recession,6
#Recycling,1
#ReplaceNAFTA,1
#ResultsResourcing,1
#Retail,1
#Retweet,1
#RewaSolar,1
#Richardson,1
#Rippling,1
#Rolling,1
#RuleofLaw,1
#Russia,2
#RussianConnection,4
#SAD,5
#SAPFas,1
#SAUD,1
#SDGs,1
#SEWF17,1
#SHRMTech17,1
#SOTNKE,2
#SOTNKe,1
#SRHvsKXIP,1
#STEAM,1
#STEM,2
#SUV,1
#Sacramento,1
#SanDiego,1
#Saudi,11
#SaudiArabia,1
#ScrewTheSystem,1
#SecureWealth,2
#Sellers,1
#Sensex,1
#ShamElections,2
#SharingEconomy,7
#Sharingeconomy,1
#ShopLocal,1
#SinglePayer,1
#SinglePayerSunday,1
#Sma,1
#SmallBiz,24
#SmallBizSatUK,1
#SmallBusiness,1
#SocialInnovators,1
#SocialJustice,1
#SocialMedia,2
#SocialPurpose,10
#SolidarityEconomy,2
#Somaliland,1
#Sp_Arte,1
#SpanishEconomy,1
#SpringBreak2017,1
#Stocks,1
#StocksMarket,1
#Storm,1
#Strategies,1
#Sudan,1
#Syne,1
#Syracuse,3
#Syria,5
#T2Telehealth,2
#TAXES,1
#TCOT,1
#TECH,1
#TOr,2
#TPP,1
#TRIESTE,1
#Tadawul,2
#Taiwan,1
#Tax,1
#TaxDay,3
#TaxMarch,10
#Taxing,1
#TechTalk,2
#Technology,5
#TechonomyNYC,2
#Telecom,2
#Texas,4
#TheEdenWoman,1
#TheGigEconomy,1
#TheInsiderThreat,1
#TheRealEcon,1
#ThisMansJournal,1
#Through,1
#Tourism,1
#Trade,3
#TradeDeficit,1
#Trader,1
#Trieste,1
#Trudeau,4
#Trump,10
#Truth,1
#Turkey,13
#Twimbos,1
#Twitter,1
#TwitterNewsChat,1
#Twittoma,1
#UES17,1
#UGC,1
#UK,2
#US,15
#USA,3
#USBiz,3
#USCCFcircular,5
#USD,1
#UTBiz,1
#UTD,1
#Uber,1
#Ukraine,1
#UnitedAirlines,1
#UnitedStatesofAmerica,1
#UnveilingHer17,1
#Utah,1
#ValueWalk,1
#VanRE,2
#Velar,2
#Venez,1
#Video,1
#Vietnam,1
#Visionaries,1
#Vohra,1
#VoteForChange,1
#VoteLabour,6
#VulnerableRoadUsers,1
#W,1
#WEF,1
#WORLD,1
#WallStreet,2
#WellsFargo,1
#WellsOfDilem,1
#West,5
#WingstourinIndia,4
#Wirtschaft,1
#WisconsinBudgetProject,1
#WorcestershireHour,7
#Works,1
#WorksForMe,3
#World,1
#WorldBank,1
#WorldHealthDa,1
#Worldnews,1
#WrightState,1
#XF,2
#XRIM,2
#YAP,2
#YAPGB,1
#YAPNizami,1
#Yemen,1
#Yen,1
#YourNewsTweet,2
#YouthManifestoKE,12
#Zambia,1
#Zandi,1
#Zimbabwe,6
#ZimbabweYadzoka,1
#abpoli,1
#ad,1
#administrative,1
#ageing,1
#agriculture,1
#airports,1
#alternativefacts,1
#alwayslearning,1
#analytics,1
#anarchism,1
#anonops,1
#app,1
#art,1
#artists,1
#asaservice,1
#auburn,1
#ausecon,3
#auspol,3
#automarket,1
#avge,1
#avgeek,2
#avgeeks,2
#azpresident,1
#bankers,1
#banking,1
#basicincome,2
#bbunker,1
#bcndp,2
#bcpoli,1
#belarus,2
#bigdata,2
#biofuels,1
#biosbas,1
#bitcoin,1
#block,1
#blockchain,2
#bloomberg,8
#boycottsnapchat,1
#braggingrights,1
#brand,1
#breaking,5
#breakingnews,4
#breakingnewssektorriil,2
#brexit,1
#btc,1
#bubble,1
#business,25
#businessinsider,1
#businessnews,1
#businessowner,2
#businessplanet,1
#businessweek,1
#c,1
#canada,2
#career,1
#cars,1
#cash,1
#cashless,1
#cdnpo,3
#cdnpoli,1
#centralbank,1
#centralbanking,1
#cex,1
#childcare,2
#china,2
#chomsky,3
#cio,1
#circulareconomy,7
#cities,1
#climatechange,14
#cloud,1
#clueless,1
#cnbc,1
#cnn,7
#coffee,1
#collaboration,1
#collaborativeconsumption,1
#college,1
#construction,1
#consumer,2
#coops,1
#copyright,1
#corporateresponsibility,1
#corporations,1
#council17,4
#crowdfunding,1
#currencies,1
#currency,3
#cutmethane,1
#dataeconomy,1
#dataviz,1
#debt,2
#defstar5,2
#delhimetro,1
#demographics,1
#denver,1
#derTrader,1
#destination,3
#digital,1
#digitaleconomy,1
#digitaltransformation,4
#discrimination,1
#diversity,1
#dollar,1
#drsamuelagboire,1
#ebay,1
#ecommerce,2
#econ,1
#econo,1
#econom,2
#economic,8
#economicgrowth,2
#economics,3
#economies,1
#economist,1
#economy,213
#ecstatic,1
#edchat,4
#edreimagined,2
#edtech,1
#education,1
#ekonomi,1
#electronics,1
#electronicsban,2
#emissions,1
#employment,2
#end,1
#enddaca,1
#endh1b,1
#energy,3
#entrepreneurs,4
#entrepreneurship,1
#entreprises,1
#environment,4
#eodb,3
#equities,7
#ethical,1
#exploitation,1
#exports,1
#farm,3
#farmer,1
#farming,1
#federalreseve,1
#feedly,25
#feinsteintownhall,1
#fiat,2
#finance,15
#financial,2
#fintech,1
#flexwork,1
#food,5
#foodsecurity,1
#forbes,8
#forests,1
#forex,5
#forexalerts,1
#forexsignals,1
#forextrading,1
#foxnews,6
#free,3
#freelance,4
#freemarket,1
#freerides,1
#fuel,1
#funding,1
#futureofwork,1
#fx,4
#ganja,2
#genderinag,1
#genderpaygap,1
#geoplace,1
#georgia6district,1
#get,1
#ghana,2
#gig,1
#gige,1
#gigeconomy,9
#gigs,1
#globalbiz,1
#gold,1
#government,7
#greedy,1
#greeninfrastructure,1
#grow,1
#growth,3
#happeningnow,2
#hashmumbai,1
#health,3
#healthyeconomy,1
#healthypeople,1
#highered,1
#history,1
#homebased,3
#homes,1
#hospitals,1
#housing,3
#howcapitalismworks,2
#hr1695,1
#huffingtonpost,1
#humanrights,1
#hydrogen,3
#immigrants,3
#immigration,3
#in,1
#inclusive,2
#income,1
#indyref2,5
#inflat,2
#information,1
#insurance,1
#internetrefugees,1
#internetshutdown,1
#investing,11
#investment,1
#itjobmarket,1
#jackcanfield,2
#janco,1
#job,1
#jobs,8
#johnmackey,3
#kgglobal,1
#kids,1
#koreans,1
#kubanjidirect,2
#leadership,3
#lending,1
#libertarian,1
#liderazgo,1
#lif,2
#loan,1
#local,1
#love,1
#loveleigh,1
#makeyourownlane,2
#management,1
#manufacturing,2
#marathon,2
#marijuana,2
#market,2
#marketing,4
#markets,31
#marketwatch,4
#mdbaid,1
#meme,10
#mentalhealth,1
#mfg,1
#miPlaza,2
#millennial,1
#millennials,3
#mktgnat,6
#mondaymo,3
#mondaymotivation,3
#money,7
#morningjoe,5
#mortgage,1
#mortgages,1
#motleyfool,3
#msnbc,6
#multifamily,1
#multilateral,2
#mustread,22
#neg,1
#neoliberalism,1
#networking,2
#newdelhi,1
#news,33
#newsaz,1
#newspapers,2
#newyork,3
#noamchomsky,1
#nonoil,1
#nutrition,1
#nytimes,1
#nyuadha,1
#officelife,1
#oil,6
#online,2
#onpoli,1
#openNASS,1
#opendata,4
#orangearmy,1
#ows,3
#paidleave,3
#paxex,1
#peacetalk,1
#performance,2
#pharma,3
#pipelines,3
#policies,3
#policiesandprocedures,1
#policy,2
#poorIndia,1
#population,1
#portofTrieste,1
#pot,2
#potatoes,1
#pound,1
#power,1
#proprietary,1
#pymes,1
#quantli,1
#realestate,1
#recession,2
#recreation,1
#referendum,1
#regulations,1
#renewables,1
#rent,1
#retail,4
#reuters,8
#ridesharing,1
#robots,1
#roseville,1
#running,2
#runsimple,5
#russia,1
#sac,1
#sad,1
#sales,2
#satire,1
#science,1
#secession,1
#seriously,1
#sharingeconomy,5
#skimic,1
#skpoli,3
#smallbusiness,1
#smartcity,4
#smartphones,1
#snapchat,1
#socent,2
#social,1
#socialimpact,1
#socialinnovation,1
#socially,1
#socialmed,1
#socialmedia,3
#society,5
#soils,2
#solar,1
#solarenergy,1
#spending,1
#spring,1
#springbreak,1
#stamps,1
#startup,4
#startups,5
#steel,1
#stocks,1
#summit,1
#supercritical,1
#sustainability,4
#systan,1
#t,1
#talenteconomy,1
#taxcuts,3
#taxes,2
#taxreform,2
#tcot,1
#tech,2
#technology,1
#techtrends,1
#thaiairways,2
#toCONSIDER,1
#top,1
#top_stories,1
#topstory,1
#toronto,1
#torontonews,1
#tourism,1
#trade,2
#trading,10
#tramabus,1
#transatlantic,2
#transparency,1
#travel,2
#tulipmania,1
#turqu?,1
#tyrkia,1
#tyrkiaval,1
#uk,1
#unemployment,2
#unitedkingdom,1
#unpaid,1
#update,2
#usa,1
#utah,1
#vanre,1
#vc,1
#venturecapital,1
#video,1
#viral,1
#votemay9,1
#washingtonpost,1
#waste,1
#water,5
#webcontent,1
#weed,2
#weedweek,2
#westvirginia,2
#wind,1
#windpower,1
#women,1
#womeninbiz,1
#wordstoliveby,3
#workers,1
#workforce,1
#workfromhome,2
#world,1
#worldnews,1
#wsj,8
#wv,2
#wvhub,2
#yorkshire,1
#yuan,1
#yyc,5
#yyjtraf,1
#zeitgeist,2
#zoirun,2
'Asi,1
/t.co/TaLMZ,3
02ti,1
<U+23E9>https://?,1
<ed><U+00B1><U+008D>,1
Growth:,1
a,2
co/S,1
conomy,1
ernet,2
gige,1
gvip,1
https://,2
https://t,1
ian,1
makeyour,1
muP,1
new,1
ono,1
onomy,1
ttps://t,1
wnlane,1
y,1
